{
  "Delete" : {
    "transaction" : "Delete",
    "sampleCount" : 100,
    "errorCount" : 0,
    "errorPct" : 0.0,
    "meanResTime" : 405.03000000000014,
    "medianResTime" : 402.0,
    "minResTime" : 393.0,
    "maxResTime" : 429.0,
    "pct1ResTime" : 421.0,
    "pct2ResTime" : 423.0,
    "pct3ResTime" : 428.96999999999997,
    "throughput" : 102.3541453428864,
    "receivedKBytesPerSec" : 61.5024469037871,
    "sentKBytesPerSec" : 20.19095445240532
  },
  "Create " : {
    "transaction" : "Create ",
    "sampleCount" : 100,
    "errorCount" : 0,
    "errorPct" : 0.0,
    "meanResTime" : 408.61000000000007,
    "medianResTime" : 404.0,
    "minResTime" : 390.0,
    "maxResTime" : 666.0,
    "pct1ResTime" : 418.0,
    "pct2ResTime" : 422.0,
    "pct3ResTime" : 663.6299999999987,
    "throughput" : 108.10810810810811,
    "receivedKBytesPerSec" : 80.1319679054054,
    "sentKBytesPerSec" : 27.87162162162162
  },
  "Registration" : {
    "transaction" : "Registration",
    "sampleCount" : 100,
    "errorCount" : 0,
    "errorPct" : 0.0,
    "meanResTime" : 1349.0300000000004,
    "medianResTime" : 1381.5,
    "minResTime" : 543.0,
    "maxResTime" : 2023.0,
    "pct1ResTime" : 1762.4,
    "pct2ResTime" : 1857.7999999999997,
    "pct3ResTime" : 2022.8999999999999,
    "throughput" : 48.12319538017324,
    "receivedKBytesPerSec" : 32.55928928055823,
    "sentKBytesPerSec" : 12.641737848893168
  },
  "Total" : {
    "transaction" : "Total",
    "sampleCount" : 600,
    "errorCount" : 0,
    "errorPct" : 0.0,
    "meanResTime" : 509.46499999999975,
    "medianResTime" : 407.0,
    "minResTime" : 58.0,
    "maxResTime" : 2023.0,
    "pct1ResTime" : 1265.2999999999997,
    "pct2ResTime" : 1585.9499999999998,
    "pct3ResTime" : 1834.8100000000002,
    "throughput" : 154.79876160990713,
    "receivedKBytesPerSec" : 131.86642358423634,
    "sentKBytesPerSec" : 36.25576464138287
  },
  "User List" : {
    "transaction" : "User List",
    "sampleCount" : 100,
    "errorCount" : 0,
    "errorPct" : 0.0,
    "meanResTime" : 68.04000000000002,
    "medianResTime" : 67.0,
    "minResTime" : 58.0,
    "maxResTime" : 81.0,
    "pct1ResTime" : 76.0,
    "pct2ResTime" : 78.0,
    "pct3ResTime" : 80.99,
    "throughput" : 171.82130584192439,
    "receivedKBytesPerSec" : 293.45870919243987,
    "sentKBytesPerSec" : 31.2097293814433
  },
  "Update " : {
    "transaction" : "Update ",
    "sampleCount" : 100,
    "errorCount" : 0,
    "errorPct" : 0.0,
    "meanResTime" : 407.63000000000005,
    "medianResTime" : 407.5,
    "minResTime" : 392.0,
    "maxResTime" : 427.0,
    "pct1ResTime" : 420.9,
    "pct2ResTime" : 423.0,
    "pct3ResTime" : 427.0,
    "throughput" : 104.27528675703859,
    "receivedKBytesPerSec" : 74.45499869655892,
    "sentKBytesPerSec" : 25.661496350364963
  },
  "Login" : {
    "transaction" : "Login",
    "sampleCount" : 100,
    "errorCount" : 0,
    "errorPct" : 0.0,
    "meanResTime" : 418.45000000000016,
    "medianResTime" : 410.0,
    "minResTime" : 392.0,
    "maxResTime" : 725.0,
    "pct1ResTime" : 426.9,
    "pct2ResTime" : 432.79999999999995,
    "pct3ResTime" : 724.99,
    "throughput" : 110.13215859030836,
    "receivedKBytesPerSec" : 73.84447274229075,
    "sentKBytesPerSec" : 28.60854900881057
  }
}